<?xml version="1.0"?>
<!DOCTYPE hibernate-mapping PUBLIC "-//Hibernate/Hibernate Mapping DTD 3.0//EN"
"http://hibernate.sourceforge.net/hibernate-mapping-3.0.dtd">
<!-- Generated Mar 24, 2019 4:52:43 PM by Hibernate Tools 3.4.0.CR1 -->
<hibernate-mapping>
    <class name="com.voidmain.pojo.Message" table="MESSAGE">
        <id name="messageId" type="int">
            <column name="MESSAGEID" />
            <generator class="increment" />
        </id>
        <property name="message" type="java.lang.String">
            <column name="MESSAGE" />
        </property>
        <property name="sender" type="java.lang.String">
            <column name="SENDER" />
        </property>
        <property name="messageDate" type="java.lang.String">
            <column name="MESSAGEDATE" />
        </property>
        <property name="seckey" type="java.lang.String">
            <column name="SECKEY" />
        </property>
    </class>
</hibernate-mapping>
