<?xml version="1.0"?>
<!DOCTYPE hibernate-mapping PUBLIC "-//Hibernate/Hibernate Mapping DTD 3.0//EN"
"http://hibernate.sourceforge.net/hibernate-mapping-3.0.dtd">
<!-- Generated Mar 24, 2019 3:08:22 PM by Hibernate Tools 3.4.0.CR1 -->
<hibernate-mapping>
    <class name="com.voidmain.pojo.User" table="USER">
        <id name="userId" type="java.lang.String">
            <column name="USERID" />
            <generator class="assigned" />
        </id>
        <property name="name" type="java.lang.String">
            <column name="NAME" />
        </property>
        <property name="password" type="java.lang.String">
            <column name="PASSWORD" />
        </property>
        <property name="userType" type="java.lang.String">
            <column name="USERTYPE" />
        </property>
        <property name="gender" type="java.lang.String">
            <column name="GENDER" />
        </property>
        <property name="age" type="java.lang.String">
            <column name="AGE" />
        </property>
    </class>
</hibernate-mapping>
